{"pretrain_valid_loss":-2764.7884915164805,"pretrain_valid_recons":2960.315384296734}